"998.112","1001.582","1002.816","995.211","997.532","997.477","1001.487","998.983","998.863","1004.829","999.893","993.258"
"1001.181","996.416","998.357","1006.114","1005.117","996.019","998.014","1002.344","996.863","998.255","999.982","1002.891"
"1000.003","999.195","1002.24","998.351","997.643","1001.064","994.363","998.484","1001.861","998.001","1000.503","999.723"
"1001.545","1000.295","998.32","997.281","994.996","997.577","1000.197","1003.998","992.502","998.438","996.731","998.101"
"1000.907","1002.572","1002.222","1001.73","1001.714","996.587","997.807","1000.943","996.582","1002.117","994.314","1001.675"
"999.78","1002.2","996.426","1003.286","1009.813","995.605","997.938","994.641","1005.767","998.885","1004.394","1003.05"
"995.352","995.769","998.698","998.355","999.829","997.61","999.043","994.22","1003.195","997.757","998.362","999.502"
"999.805","1001.446","998.388","1001.497","1001.702","1007.202","994.218","998.4","1004.498","999.944","1000.368","999.558"
"997.516","998.328","996.762","1003.804","1000.546","995.617","998.161","1000.026","995.63","997.996","1000.623","1000.507"
"997.61","996.919","1002.532","1005.044","1002.546","1001.432","1004.153","997.674","996.612","1003.896","1005.124","995.368"
"999.5","997.524","997.764","1002.293","999.785","1002.797","994.408","1001.938","999.078","1003.901","1000.576","995.978"
"1000.245","1004.484","1002.071","996.419","994.069","997.074","1006.246","994.334","995.983","997.372","996.926","999.231"
"1000.02","1001.278","999.217","1000.075","996.241","1000.753","993.684","1001.265","1001.333","1004.577","998.004","996.617"
"1007.115","999.675","1002.827","1001.54","999.85","1002.09","994.27","999.141","998.059","998.933","999.191","995.932"
"0.0","0.0","0.0","0.0","0.0","0.0","0.0","0.0","0.0","0.0","0.0","0.0"
"1002.7","996.497","998.292","996.202","1004.704","998.883","1001.203","998.686","1000.228","1004.246","1001.342","997.897"
"1004.992","996.047","1005.002","1002.053","1000.516","999.932","1000.342","998.316","1003.76","997.356","997.679","999.685"
"1004.1","997.858","1004.822","999.649","1001.977","1000.51","1000.723","994.907","1003.9","1000.639","1003.552","995.945"
"1002.194","998.514","996.662","1002.996","1000.161","1000.202","999.473","999.01","1000.819","999.968","996.182","1000.641"
"1000.823","998.129","994.889","998.296","996.122","999.848","1002.158","997.246","1000.833","1002.838","999.509","1002.286"
"998.502","998.78","997.007","998.803","1000.572","996.201","1000.499","997.084","1002.037","1004.95","1001.408","999.373"
"1005.725","1001.594","1000.903","1008.892","999.573","993.232","994.773","1005.643","998.346","994.127","997.808","995.818"
"1001.0","1000.39","997.689","1005.175","996.008","1000.325","996.445","1003.232","995.822","993.633","999.532","1001.891"
"1001.319","1002.773","994.234","999.614","1001.132","1001.043","1003.343","1007.791","998.071","1004.22","998.386","1002.211"
"1008.51","999.102","995.272","1001.591","995.484","997.153","1001.74","999.805","1000.114","1001.493","1001.144","999.004"
"1001.845","1002.662","994.71","1000.483","1003.779","999.075","999.487","994.847","1003.8","1003.631","997.278","998.535"
"1002.139","998.85","998.043","1003.696","1001.611","1001.153","1000.435","1001.292","1001.4","1000.793","998.309","998.17"
"999.206","997.055","998.001","997.771","1004.077","1001.184","990.573","999.427","994.863","1005.72","997.735","1000.705"
"992.713","1000.868","998.8","995.353","1003.683","1002.594","1001.533","998.404","1001.048","998.202","993.902","999.542"
"998.592","1004.284","995.325","1001.684","1003.187","1005.887","1001.86","998.881","997.891","1001.611","1000.2","998.696"
"997.85","1002.702","998.779","999.22","1002.519","997.15","1000.529","1000.794","1004.879","996.233","1005.521","998.924"
"997.117","1003.915","1001.082","1005.816","1000.934","996.008","1001.622","1001.714","998.392","993.036","996.646","996.436"
"1001.347","996.918","1003.17","998.623","997.408","996.836","996.09","1001.258","1003.541","1003.908","1000.024","1001.262"
"1002.353","1000.764","1005.863","1000.773","1004.308","1003.633","1004.282","1000.932","999.477","999.794","1002.389","997.436"
"1001.172","1001.669","997.567","998.428","1001.152","1006.397","1000.707","999.857","1001.79","1003.017","999.693","998.752"
"1001.232","1002.874","1001.247","998.788","1001.964","1000.652","1000.133","994.505","998.522","1002.153","1002.642","1003.808"
"999.679","998.971","1000.355","1001.79","996.274","1004.905","998.546","1003.538","994.192","996.945","997.699","1001.718"
"998.887","1001.891","998.794","1004.282","1000.854","1004.215","1001.693","997.536","997.313","997.605","1003.392","996.195"
"995.49","1002.347","1003.919","996.763","1002.631","1000.887","1000.15","999.547","997.681","999.378","1001.581","1003.179"
"996.449","994.435","995.583","1003.686","1006.253","1006.856","991.119","994.3","997.315","999.289","996.878","1004.431"
"1003.452","1006.169","997.484","999.029","997.831","992.817","999.071","1000.876","996.904","999.845","1000.089","994.193"
"0.0","0.0","0.0","0.0","0.0","0.0","0.0","0.0","0.0","0.0","0.0","0.0"
"1001.282","1001.79","995.155","1001.719","1000.804","998.19","1000.375","993.442","1002.076","996.813","1001.928","1002.818"
"1001.67","1001.779","999.283","1002.19","1000.929","1004.284","1002.646","994.975","997.904","998.631","1002.383","995.798"
"998.462","997.351","1003.213","997.28","998.198","997.614","1002.375","998.463","1000.927","993.788","999.279","997.511"
"1001.973","999.72","1005.661","1002.291","1000.184","992.558","999.978","1001.186","997.053","994.984","1000.767","992.331"
"999.288","1002.712","997.212","1004.515","999.563","999.339","997.93","1000.487","1002.904","1005.369","996.286","999.652"
"999.577","1006.141","1002.652","992.875","998.968","1007.628","1006.808","996.003","1002.445","995.911","1000.507","1000.715"
"1002.409","1000.568","996.983","1001.99","998.998","1000.758","1001.386","1001.93","999.557","998.134","1000.769","997.231"
"996.949","993.148","997.003","999.849","997.181","998.181","1000.283","995.279","1002.069","1000.807","994.784","1002.109"
"994.121","998.672","999.905","1000.006","997.04","1006.717","1000.148","997.757","1001.272","993.296","1000.134","996.871"
"999.089","992.882","995.217","999.538","1004.607","1007.697","999.73","995.692","1006.055","1000.643","1001.185","1003.065"
"1000.442","1001.392","1004.003","1004.056","1000.697","999.357","1000.688","997.858","1000.965","998.976","1003.499","1001.038"
"1001.612","997.046","1002.537","1001.306","999.906","1000.6","999.49","1000.458","1000.345","1005.125","997.019","1004.608"
"1002.991","997.093","1003.531","992.871","995.612","1000.205","998.564","1001.879","1008.261","999.762","1001.471","1004.583"
"1000.411","996.278","999.919","999.859","1002.472","996.651","997.407","1003.329","1006.427","994.437","999.16","1002.587"
"999.478","997.04","999.349","998.192","1001.693","999.562","999.364","1000.883","1001.222","999.016","997.001","1001.854"
"998.42","999.646","996.277","994.55","998.02","1001.756","996.124","998.958","1002.849","996.923","1005.975","997.801"
"996.489","998.684","994.538","996.494","999.455","1002.774","999.873","1001.362","993.975","1002.654","1002.39","1005.804"
"0.0","0.0","0.0","0.0","0.0","0.0","0.0","0.0","0.0","0.0","0.0","0.0"
"993.883","1002.185","1006.908","1001.92","1007.648","1002.598","1001.267","997.492","1001.149","1000.559","997.814","996.926"
"993.534","1003.359","1001.484","998.817","1000.03","999.911","1002.61","996.609","997.522","1000.2","998.628","993.84"
"997.472","1001.63","998.033","994.394","1002.133","1001.518","999.694","1005.524","1002.108","1002.095","997.933","996.483"
"999.531","1007.923","1004.157","999.151","1002.159","1001.153","1003.007","995.185","1000.103","1001.539","996.947","997.924"
"1004.788","998.004","997.727","1001.344","1002.588","997.46","1000.05","998.919","1000.203","1007.27","1001.865","996.941"
"996.22","1002.143","1004.774","1001.117","1004.486","1003.259","999.171","1004.108","995.687","1000.719","993.324","1001.526"
"998.756","995.822","999.623","1000.542","997.298","1002.54","998.789","999.526","997.525","1004.007","993.894","997.197"
"1000.055","999.192","997.515","997.418","998.157","999.002","995.249","1001.493","1000.094","1004.938","1002.373","998.806"
"1001.503","1000.741","996.895","1001.205","1000.766","999.131","999.205","1001.088","1002.301","996.131","997.93","1000.332"
"997.714","998.719","1002.518","1003.102","1005.024","999.869","993.94","1000.315","1003.11","999.079","998.267","1001.719"
"0.0","0.0","0.0","0.0","0.0","0.0","0.0","0.0","0.0","0.0","0.0","0.0"
"1001.423","998.067","1000.691","1003.632","1000.888","998.568","1004.126","1003.686","998.487","1006.867","998.984","999.29"
"1005.143","997.075","999.161","1001.311","1000.959","1003.479","1003.263","1005.84","1003.363","1003.184","998.822","1000.114"
"0.0","0.0","0.0","0.0","0.0","0.0","0.0","0.0","0.0","0.0","0.0","0.0"
"0.0","0.0","0.0","0.0","0.0","0.0","0.0","0.0","0.0","0.0","0.0","0.0"
"998.439","1001.229","1000.328","1004.957","999.985","993.596","999.504","995.668","989.68","998.684","998.286","996.907"
"1000.967","995.913","998.936","1001.915","1004.72","1001.012","999.497","1000.457","1000.074","998.365","999.711","1002.011"
"994.332","999.239","1003.451","997.8","1003.186","1000.066","999.181","1004.247","1002.238","1001.528","998.042","1002.703"
"999.202","996.361","999.455","996.681","1005.876","997.703","992.612","995.184","1001.982","997.876","996.516","997.972"
"1000.482","1001.709","1005.056","997.704","1003.94","997.91","1002.571","1001.174","994.154","995.163","1004.549","994.815"
"1001.236","992.219","991.995","996.087","998.361","1003.469","1000.94","996.787","1000.215","1005.155","1003.797","1004.081"
"1003.949","991.913","996.207","1000.649","1000.875","1006.103","999.192","997.654","997.925","1000.126","997.586","993.873"
"1000.743","1002.544","995.553","997.189","1003.376","1003.318","1001.4","999.021","1003.976","1000.595","1001.39","1000.596"
"996.709","1000.122","993.485","998.977","1000.898","1001.837","1000.297","1002.016","1001.622","1001.346","1007.124","998.684"
"1003.709","1004.136","994.106","998.575","1000.351","1004.361","1004.011","996.648","998.517","1003.975","1000.221","1007.306"
"1000.999","999.584","997.865","996.627","1002.17","1000.024","997.599","998.817","1001.754","1004.531","1001.263","1003.073"
"997.582","1002.154","999.292","1001.364","1002.446","999.841","1001.343","998.182","999.496","1002.697","1002.442","998.517"
"996.714","993.186","1003.109","1007.036","1002.039","996.498","1002.102","1000.826","999.375","999.987","999.912","999.835"
"1001.728","1005.854","994.113","1000.495","996.495","1003.925","1000.066","1003.524","1002.941","999.845","999.987","996.408"
"998.437","1005.052","1004.946","1000.568","996.284","999.538","1003.317","1001.92","995.159","996.944","996.901","999.483"
"999.947","996.418","1001.109","992.0","1005.996","1001.369","995.11","998.695","1000.609","993.449","1002.535","1000.905"
"998.769","998.963","999.247","1001.427","1002.895","1009.171","998.677","1001.965","1002.684","998.392","999.066","997.329"
"1003.825","995.509","1003.569","1003.39","1001.124","1001.022","1001.574","997.52","1001.258","996.928","1002.891","999.133"
"1004.994","996.683","1002.359","1007.427","997.785","1007.334","999.441","1003.898","1001.242","1005.044","999.506","999.027"
"1001.108","1000.355","998.658","999.849","1002.266","998.584","1003.741","1000.891","1003.749","996.523","993.734","1000.105"
"999.018","1001.495","999.225","1001.24","1000.25","1002.186","998.263","997.158","996.254","1000.272","996.483","995.894"
"1000.018","993.935","1002.701","1003.906","1000.304","1003.114","1005.644","999.152","995.779","998.96","996.472","1000.746"
"1001.951","999.045","1000.694","996.862","1003.199","999.106","1003.659","995.94","999.481","998.698","996.416","1002.153"
"994.172","1002.332","1005.634","998.578","1005.23","998.043","997.457","1003.162","1002.537","996.525","995.829","997.46"
"999.281","1002.245","1001.35","998.552","1001.093","994.123","999.095","1000.855","997.972","994.994","998.385","1003.267"
"1003.175","1000.639","1002.348","998.126","999.678","994.921","1003.862","1003.906","1000.311","1007.079","998.877","995.192"
"997.983","997.26","996.642","1002.644","996.839","998.613","999.295","1005.594","1000.679","999.859","1002.002","999.395"
"1000.54","999.764","999.785","1002.988","998.518","998.518","1002.52","1000.186","998.903","1003.949","997.47","994.922"
"998.681","996.037","1002.09","994.609","1004.789","999.558","1001.729","1001.397","998.057","1000.245","1000.267","1005.167"
"1000.047","999.0","1001.978","997.572","997.668","997.836","994.734","999.629","1002.194","998.684","996.78","999.354"
"1001.576","1000.036","998.378","998.584","994.278","1002.557","1004.142","994.791","1000.979","999.036","998.552","997.868"
"998.427","1002.167","1000.397","1005.932","998.907","999.328","1001.823","997.539","1003.62","999.162","1003.507","1004.737"
"1001.489","1000.174","1001.138","1000.177","996.879","1003.127","995.494","997.221","1000.169","1000.948","1001.337","999.092"
"1002.125","997.957","999.719","999.837","998.928","997.902","994.813","1005.418","995.085","993.105","1002.071","997.744"
"0.0","0.0","0.0","0.0","0.0","0.0","0.0","0.0","0.0","0.0","0.0","0.0"
"1000.902","1001.628","1003.271","1004.461","993.68","997.845","1006.871","999.229","999.48","994.07","997.228","993.917"
"1000.514","1000.693","995.225","999.968","1003.986","1001.221","1001.125","997.563","998.928","998.943","1004.889","999.843"
"1000.968","999.157","1000.964","1000.592","1000.956","997.166","995.271","996.933","999.174","997.491","1002.545","1005.355"
"996.885","1001.538","1004.109","997.731","993.519","998.013","996.941","991.279","1002.841","1000.275","1001.903","996.742"
"998.548","1004.405","1011.05","992.403","999.369","994.328","995.259","997.571","999.445","995.878","1001.545","999.969"
"998.58","997.191","997.761","1000.874","999.435","997.554","997.982","1000.164","1004.1","1006.402","1000.1","1001.132"
"997.695","997.861","997.596","1001.117","1002.792","996.455","999.788","994.653","998.433","1000.706","997.444","1002.594"
"1002.951","997.516","996.57","1002.875","996.047","1000.417","1002.639","1001.069","1001.217","997.962","1004.853","1003.17"
"0.0","0.0","0.0","0.0","0.0","0.0","0.0","0.0","0.0","0.0","0.0","0.0"
"1003.963","999.109","995.617","997.827","995.055","996.876","995.737","998.177","999.393","1001.125","999.877","1000.263"
"1002.596","1002.323","996.975","995.882","1001.438","1000.775","1003.995","999.947","1003.753","1002.802","997.901","996.947"
"0.0","0.0","0.0","0.0","0.0","0.0","0.0","0.0","0.0","0.0","0.0","0.0"
"0.0","0.0","0.0","0.0","0.0","0.0","0.0","0.0","0.0","0.0","0.0","0.0"
"997.383","999.798","1003.278","1004.073","1003.489","998.594","996.82","1010.079","1002.73","999.843","1000.041","997.862"
"1005.439","994.407","1004.213","998.06","995.344","999.633","998.654","999.849","1003.033","998.549","998.308","999.008"
"1006.158","1001.143","1002.129","1001.345","1000.197","1000.986","1002.395","992.025","1001.588","995.917","1002.818","1002.875"
"1003.667","1001.938","994.715","995.383","997.567","998.115","999.798","1004.995","1003.814","998.71","1004.268","1002.945"
"1002.315","1001.873","997.256","989.013","1003.179","996.904","997.642","1003.739","1002.1","1000.873","1004.855","998.221"
"998.734","997.737","1001.589","997.526","1000.413","996.675","999.632","995.632","996.524","1003.908","999.305","1005.059"
"997.962","1005.277","1004.438","1008.715","1000.294","1003.251","1004.619","996.47","999.328","998.813","1001.385","1002.683"
"1000.754","994.691","1003.837","995.883","1003.421","1000.093","996.28","1002.532","1003.96","999.42","1004.248","1002.028"
"1001.789","1007.366","1002.605","1001.047","1002.096","997.577","1000.281","996.997","995.219","1001.532","1001.023","1000.975"
"1002.782","997.528","1003.65","995.068","994.881","998.394","1003.018","996.114","998.049","999.083","1003.924","995.829"
"995.735","998.668","1000.241","999.406","1003.799","1002.378","1008.298","995.047","999.586","997.506","999.118","1001.933"
"999.11","1005.417","1002.388","1007.669","1000.145","1000.523","999.195","997.896","1004.012","1005.38","995.366","997.718"
"1006.261","995.931","998.97","997.079","999.7","1002.923","1002.398","1005.747","1005.283","1001.021","998.94","992.866"
"0.0","0.0","0.0","0.0","0.0","0.0","0.0","0.0","0.0","0.0","0.0","0.0"
"1003.027","1004.242","1003.251","997.852","998.976","1005.458","997.277","1000.026","1000.53","1000.33","996.749","1000.07"
"998.854","999.239","1007.615","1001.26","997.39","996.482","999.807","997.908","996.289","1002.137","1001.756","996.616"
"1000.081","998.829","996.492","1001.213","1004.879","1002.574","1003.545","1002.914","1000.402","1004.713","998.19","1006.25"
"1003.165","1002.277","1002.301","997.305","1001.593","1003.031","1000.328","998.761","1007.187","1001.389","1000.204","1008.812"
"1005.222","997.249","999.164","1010.384","1001.231","995.651","997.176","1000.085","1001.685","1000.687","995.359","1000.37"
"995.099","1004.021","999.697","996.018","994.969","999.491","1003.675","998.959","998.657","1002.693","997.924","998.871"
"996.728","1001.781","1000.821","997.758","1000.082","1002.795","1001.13","1005.838","1001.142","1001.231","998.722","996.463"
"1000.008","1003.595","1000.295","999.942","1001.495","998.32","1001.023","1003.102","1003.595","1004.732","995.671","997.085"
"1003.113","992.594","1001.783","1004.581","1005.223","1003.394","996.312","998.885","996.735","1002.465","1002.911","996.909"
"995.857","1002.379","1000.84","998.422","1007.081","998.459","992.707","998.45","1001.609","997.779","995.671","1000.016"
"999.027","1000.079","998.288","995.344","994.913","1003.412","1000.493","995.696","993.943","999.037","997.599","999.612"
"997.038","1001.461","1000.764","996.373","1000.632","1003.466","999.413","998.393","997.288","1005.844","998.241","1008.487"
"996.14","998.88","1004.355","999.952","1000.61","996.297","999.613","1002.198","1001.533","1003.485","996.033","999.752"
"1000.193","1003.492","1002.968","998.297","998.776","1001.307","1005.732","1002.077","1003.609","996.93","999.962","995.168"
"1002.995","999.845","997.74","994.834","997.625","995.853","999.148","1000.966","1004.346","991.6","1003.163","1004.649"
"998.764","999.827","999.814","1004.183","1001.112","1000.101","1000.04","1000.937","998.575","997.888","996.357","998.575"
"995.218","997.563","999.888","1005.834","1002.834","1002.608","999.956","1002.636","997.04","1003.029","997.626","1001.582"
"997.641","1002.191","997.325","1000.699","994.116","1000.416","1002.873","1002.47","1006.745","1002.025","1000.799","998.46"
"1001.085","1002.965","995.993","1005.519","1000.191","999.76","994.044","1000.322","1002.317","997.629","997.572","996.925"
"995.788","996.869","997.562","1000.345","995.437","1002.531","998.028","998.336","1003.353","1003.74","999.314","996.355"
"1002.688","1001.076","999.029","994.395","999.758","1000.377","999.424","997.43","1002.668","1001.338","1003.696","997.056"
"997.109","1003.322","997.754","1003.14","1002.84","996.566","1002.572","1006.177","1001.292","1000.716","999.324","1001.513"
"1007.085","998.383","995.648","1001.727","1002.519","999.381","994.917","1000.842","1007.532","1002.646","1000.766","996.211"
"996.208","998.79","1005.086","1001.82","995.963","1002.652","1004.78","1001.899","997.906","1007.39","995.573","995.843"
"1000.469","1002.331","1001.129","998.709","996.774","1001.168","997.313","995.84","1000.963","996.881","1001.488","994.552"
"1003.749","998.998","1000.532","1000.713","999.797","1003.887","999.579","1001.475","999.476","995.717","999.533","999.054"
"999.353","1002.498","998.526","999.793","1002.109","1000.475","1000.5","999.116","1001.392","1002.076","1000.687","1003.98"
"999.795","1001.44","996.655","1002.771","996.831","997.07","996.102","1000.342","1003.545","1000.021","1001.905","1003.877"
"996.6","1000.447","995.531","997.782","995.615","995.368","998.667","1007.608","997.982","1007.099","999.52","1003.889"
"0.0","0.0","0.0","0.0","0.0","0.0","0.0","0.0","0.0","0.0","0.0","0.0"
"994.286","997.108","996.92","1001.797","999.554","998.113","1000.136","996.705","1000.847","1001.294","999.168","1008.05"
"999.854","1003.202","995.733","999.113","998.013","1006.397","998.604","998.138","999.592","998.912","999.585","1003.299"
"997.891","998.793","1005.139","997.916","991.337","1002.723","1000.171","1003.462","1004.212","1004.453","1001.058","999.758"
"1000.078","996.797","1008.391","1000.313","997.144","1002.001","1000.385","1000.796","998.013","996.407","996.117","1002.55"
"997.813","998.841","995.364","1001.584","999.076","1002.273","999.031","996.536","997.974","1004.652","997.782","997.364"
"1000.225","1001.082","997.91","1002.119","999.13","1007.772","1004.478","1001.073","1002.196","998.495","998.952","997.381"
"1001.282","1000.59","1003.825","998.46","1000.051","998.508","999.91","1002.004","994.708","1002.429","1003.718","1004.779"
"993.902","999.83","1000.077","1007.31","1004.09","1001.34","997.586","1002.037","1003.026","989.336","998.791","1003.766"
"997.141","1003.832","1000.376","999.0","996.71","1006.691","1004.537","995.919","1001.389","999.354","1004.647","994.89"
"1003.407","998.5","999.249","1005.097","996.249","999.638","996.817","999.085","997.662","993.797","1000.537","1005.236"
"999.377","995.744","999.084","1001.486","1002.482","998.242","1000.573","1006.385","1003.363","995.166","1001.116","1002.338"
"998.79","999.879","997.846","1000.114","997.737","997.755","997.762","998.146","1000.124","992.003","997.163","998.505"
"998.505","999.99","1002.292","1004.224","993.908","998.859","1005.062","1003.034","997.937","996.908","1003.069","999.549"
"1001.317","1003.439","1004.688","993.864","1000.001","1001.996","996.993","998.426","997.839","1006.258","1002.588","998.517"
"996.979","1005.689","995.754","1001.828","997.359","1002.279","995.961","1005.768","1000.288","996.084","1001.667","1001.977"
"997.655","1002.033","1000.17","999.371","1004.02","1001.268","999.051","1003.548","997.043","1007.523","999.99","1001.798"
"998.263","1005.838","1003.687","1004.033","1001.522","998.984","996.555","994.916","998.479","1002.277","999.305","995.626"
"998.862","1000.621","996.466","999.151","995.187","1002.183","1000.647","998.209","1000.159","1002.032","1000.103","999.458"
"999.008","1004.463","1000.244","997.832","1000.127","1005.62","1001.346","991.136","997.277","997.923","999.558","994.985"
"1000.894","996.907","1002.115","1004.312","998.814","999.111","999.866","1000.706","998.416","1001.668","998.42","1000.419"
"1000.793","1004.582","998.575","1001.928","1002.93","998.12","999.044","999.696","996.58","1001.526","996.189","998.07"
"0.0","0.0","0.0","0.0","0.0","0.0","0.0","0.0","0.0","0.0","0.0","0.0"
"1000.341","999.564","994.652","999.35","1001.131","999.845","1001.144","995.619","1000.799","999.189","1001.277","997.794"
"995.139","998.689","1002.083","1001.73","1003.204","1000.122","1002.42","991.515","1000.896","1002.278","997.57","1000.043"
"998.023","995.751","999.548","1002.081","1000.574","994.808","997.569","1002.267","1002.125","999.424","1003.903","1011.546"
"1005.495","1005.832","996.645","998.146","994.021","999.836","995.824","999.861","1001.864","1002.606","1003.67","998.705"
"998.934","996.673","999.02","1002.62","1000.022","999.924","999.378","1000.098","1003.259","997.702","996.845","999.378"
"1001.901","998.374","997.895","996.456","1000.0","999.261","1002.508","1003.804","1002.874","1003.216","1001.383","999.622"
"1002.841","1000.32","997.711","999.218","1008.973","1001.6","1000.438","1004.804","997.486","1004.183","1000.582","1000.153"
"997.441","995.978","1001.0","1002.706","996.422","1002.009","1000.82","995.775","996.827","1001.616","998.429","999.672"
"998.342","995.8","996.795","995.512","998.508","998.589","1001.838","1001.271","993.563","1004.65","998.64","1000.297"
"1000.058","1000.219","1002.083","1000.271","1003.964","997.268","1000.247","1000.262","1000.657","995.429","1000.179","995.948"
"998.208","999.051","1002.862","997.355","1003.01","1000.099","1000.971","999.179","997.227","997.94","1000.27","1008.901"
"1002.44","1001.697","1002.814","993.407","1001.59","1006.731","1004.504","1003.128","1001.536","1002.449","996.562","1005.319"
"995.211","996.874","1002.098","1001.017","1002.458","1006.199","995.092","998.921","994.489","1004.716","996.346","997.65"
"1000.471","1001.802","998.031","1006.589","1000.913","999.971","1003.354","998.118","998.785","998.718","998.052","999.558"
"1003.495","1004.808","1007.145","994.168","1005.993","1004.759","998.486","999.244","999.334","999.491","1000.162","1000.002"
"1000.842","999.251","997.511","996.421","996.731","1004.012","1002.872","998.229","993.46","1001.3","1001.502","1000.873"
"998.9","998.104","1001.782","997.241","1004.875","1005.661","998.204","1001.127","997.808","996.047","1006.48","1000.409"
"1003.636","994.703","997.202","995.86","998.957","1001.197","1002.95","1001.033","1002.03","1000.668","1000.938","1004.165"
"996.562","995.281","997.912","999.154","1004.748","998.333","992.422","1003.179","999.004","1002.235","994.613","1002.042"
"994.598","999.298","999.036","999.724","997.394","1000.113","1007.451","1000.288","1005.842","999.932","1002.761","996.149"
"1000.574","997.918","997.378","1005.136","998.167","1004.396","999.01","999.245","995.375","997.107","996.477","1005.659"
"999.867","999.373","998.81","1003.035","996.761","1000.322","1000.38","999.388","1003.608","999.253","1000.675","997.091"
"999.863","996.058","998.626","1002.291","1004.671","1002.266","998.416","997.985","999.619","1000.709","998.715","997.32"
"999.026","996.62","992.039","1003.805","1000.274","995.696","1003.07","1000.253","1001.571","996.64","1007.566","996.149"
"1000.132","1000.52","1003.125","1002.48","996.895","997.684","1003.08","1003.725","996.212","1000.829","1001.374","999.247"
"996.226","1002.207","1000.818","1002.101","996.17","998.85","998.461","1002.117","998.112","1003.731","1000.125","999.964"
"1000.589","996.562","995.889","1000.99","1000.143","996.972","1002.98","1003.646","1000.441","1000.478","996.234","1000.719"
"996.151","1002.198","997.419","1004.348","997.414","1001.002","1000.699","1000.942","1004.146","997.794","1000.142","997.423"
"1001.031","999.44","1001.779","994.492","998.374","996.312","997.958","999.501","997.622","999.212","1005.21","1001.821"
"998.507","1003.242","997.595","999.231","998.934","1004.273","1002.489","1001.674","998.565","997.13","998.75","996.736"
"999.932","999.539","998.004","1000.883","998.548","1001.501","1003.689","1002.241","997.146","997.519","1005.623","1001.225"
"1008.146","997.159","995.956","1004.319","1002.109","1004.379","1001.11","998.054","997.136","1001.209","999.459","1001.938"
"1004.343","998.897","1000.046","999.835","991.674","998.909","1003.551","1002.208","995.124","998.275","998.347","997.748"
"0.0","0.0","0.0","0.0","0.0","0.0","0.0","0.0","0.0","0.0","0.0","0.0"
"994.075","992.413","1002.746","991.995","999.732","996.181","1001.139","1000.726","998.525","999.701","999.493","1002.675"
"998.692","997.976","997.696","998.955","997.341","1000.003","999.824","1001.266","1002.057","1001.167","994.941","1001.683"
"1000.194","1001.724","998.602","1001.236","999.5","1003.513","998.758","994.705","1001.741","999.054","1001.862","1001.471"
"1003.268","998.459","1002.462","1005.113","995.917","996.399","1001.826","996.554","996.703","1002.29","998.88","998.162"
"1002.36","998.488","999.456","996.189","1001.063","1002.354","1001.46","1006.026","1001.084","1000.615","997.953","1005.406"
"995.042","999.263","994.726","1002.913","1002.472","999.686","999.813","996.008","1004.487","1000.949","1010.732","999.165"
"998.697","997.224","1004.244","995.676","1001.478","1003.924","996.949","999.468","1002.343","997.929","996.251","996.856"
"999.496","1005.759","999.814","998.676","996.369","997.656","995.403","1005.707","996.957","995.965","994.61","1002.31"
"994.886","1003.213","999.595","1006.127","1001.342","998.467","993.626","999.602","996.958","998.704","995.11","1001.609"
"997.478","998.303","1003.011","996.668","998.644","996.281","1005.656","1003.593","1000.259","1002.274","991.858","999.92"
"1002.601","999.343","1002.595","995.793","996.042","1005.017","1004.646","998.58","995.73","998.412","999.919","1000.315"
"1003.637","1002.3","1001.111","1003.154","995.057","1006.148","997.992","1000.904","1000.664","998.427","1002.205","999.432"
"997.168","1002.421","1003.187","998.525","1000.414","995.709","1004.342","1001.383","1000.253","998.951","997.413","1004.193"
"1001.397","1000.463","1007.486","1001.373","1000.716","998.328","997.995","1001.105","1004.437","1000.4","1000.217","1000.907"
"1002.974","1000.042","1000.339","1001.094","1000.244","1001.189","1001.346","998.172","1001.489","998.901","1004.385","1000.05"
"1000.207","997.965","999.324","1000.407","1000.94","999.725","1003.251","995.925","993.813","1003.3","998.468","999.735"
"998.816","1004.406","1000.628","999.228","1000.487","996.931","1005.793","999.583","1000.087","1000.227","999.814","1004.908"
"994.65","1001.149","1000.227","995.856","1004.198","997.944","1000.598","1001.809","1001.345","998.188","1000.42","1002.361"
"1001.375","997.542","996.566","997.565","999.699","1003.013","1004.633","997.906","999.666","1002.323","996.517","999.249"
"994.383","997.528","1004.528","1000.383","998.216","997.345","1001.328","1000.714","999.114","997.085","1004.579","1004.626"
"1000.348","997.46","1001.613","997.908","992.767","999.47","999.343","996.378","997.498","1000.44","1001.842","994.893"
"1004.089","996.562","995.091","1008.125","1001.239","1001.647","997.247","1003.227","1001.632","996.276","1000.992","997.488"
"0.0","0.0","0.0","0.0","0.0","0.0","0.0","0.0","0.0","0.0","0.0","0.0"
"1000.278","1003.475","1001.09","995.587","999.316","998.736","1000.653","1000.811","1002.788","999.146","1004.509","1003.355"
"1006.392","1000.858","1001.541","1001.957","995.65","998.47","1002.687","999.043","999.493","1000.886","998.856","1002.994"
"1000.323","996.913","997.085","999.573","996.018","996.793","996.919","1000.136","1003.732","1000.086","996.466","999.168"
"1001.921","995.359","996.586","998.146","997.988","998.939","999.182","999.516","1003.935","1000.479","1001.921","1000.161"
"999.964","998.542","998.802","1004.38","997.841","996.565","1000.148","998.696","999.293","1006.874","993.59","995.725"
"999.008","995.435","1001.042","994.511","1002.352","1001.01","1001.841","997.301","1003.344","1000.635","997.0","999.64"
"999.474","997.113","1001.421","1005.58","999.63","993.277","1006.815","1000.038","1000.551","1008.256","996.035","999.192"
"996.029","999.076","996.039","996.46","1005.398","1003.904","1001.413","1000.079","994.738","998.724","1007.369","1000.103"
"998.323","998.029","998.028","998.926","996.229","1000.413","998.15","994.344","1007.008","1000.839","999.939","1004.947"
"1001.48","997.198","1001.52","1004.382","996.503","1000.845","1002.106","1002.279","1000.585","1004.687","996.045","1000.381"
"999.154","996.484","996.796","1000.907","996.993","999.604","1001.499","1003.327","1008.628","1001.861","999.467","999.144"
"996.985","995.415","997.723","999.237","995.525","1001.227","998.187","1000.755","997.295","993.134","997.614","1000.011"
"997.849","997.714","995.566","1006.413","1003.233","999.583","1004.253","999.641","997.813","996.049","1003.679","1003.374"
"0.0","0.0","0.0","0.0","0.0","0.0","0.0","0.0","0.0","0.0","0.0","0.0"
"1001.529","992.089","1000.977","998.931","997.688","1000.203","999.544","1001.124","1002.999","1001.163","1002.541","1001.473"
"1006.778","1001.355","1006.804","999.479","1000.074","1001.615","1001.031","1001.509","1002.112","1004.204","1004.81","995.207"
"996.277","1001.516","999.011","999.634","995.861","996.973","1001.096","999.509","1001.383","1004.128","998.862","1004.703"
"998.551","998.586","1000.407","998.652","1001.632","1004.77","994.118","999.171","1004.137","993.663","998.954","1004.02"
"995.025","1007.772","993.998","997.984","996.907","995.583","999.209","1004.42","1003.739","998.195","1000.054","1000.593"
"1008.743","999.982","1003.093","1001.594","996.497","1003.358","1000.38","994.689","1000.449","1000.742","995.666","999.082"
"1002.802","999.036","1000.747","1005.186","995.765","1000.719","998.481","994.379","997.928","998.829","999.055","999.354"
"1001.44","1000.493","997.89","994.373","1001.019","1000.8","1007.923","1004.888","997.027","999.5","999.272","998.6"
"0.0","0.0","0.0","0.0","0.0","0.0","0.0","0.0","0.0","0.0","0.0","0.0"
"998.828","1001.113","1003.696","1000.042","996.311","999.63","996.199","1003.507","1003.92","997.49","1000.593","1001.158"
"998.771","999.998","998.816","1005.508","997.153","1001.118","994.253","1002.248","998.384","996.477","996.902","1000.513"
"999.244","1001.556","1001.834","1005.271","1006.658","1004.149","1001.501","997.07","999.193","995.645","1001.437","997.868"
"1000.547","995.29","1005.937","995.719","1000.712","1002.165","999.681","996.605","995.819","1004.684","1004.068","1000.924"
"997.088","1002.081","999.254","1004.286","1003.558","1000.095","1002.316","1002.837","1007.406","991.798","1000.022","998.28"
"1002.644","998.785","1001.097","999.452","999.174","1002.795","999.186","1004.554","996.416","1002.308","998.429","997.519"
"1000.244","1001.966","1001.221","997.677","994.928","998.011","1000.895","998.928","1001.385","996.162","999.153","1002.314"
"1001.366","998.693","1002.618","997.628","1002.889","1000.729","997.478","992.929","1002.306","1004.673","996.874","1000.24"
"1002.812","999.733","999.755","998.408","995.736","999.354","999.528","999.928","995.164","1005.742","1001.942","998.962"
"1003.038","1003.896","998.18","1006.242","1003.749","995.717","1005.541","1000.0","1000.269","997.676","997.804","998.722"
"1001.865","997.101","993.88","1006.15","1002.379","1001.95","1001.357","999.456","995.029","1000.79","997.969","1001.404"
"996.707","1003.267","1004.021","1001.266","999.198","1000.006","1000.813","1001.117","1000.672","991.279","996.675","998.3"
"1002.519","996.797","1002.851","1003.012","999.938","995.907","1005.01","998.407","1007.815","1001.056","1006.637","1000.63"
"1003.286","995.41","999.417","1000.851","1008.112","999.384","997.315","999.275","1000.423","1000.403","995.598","997.727"
"998.122","1000.42","997.07","999.197","1002.67","1001.007","996.044","997.777","999.923","1000.458","1001.663","1000.727"
"1005.099","996.903","1004.243","1001.276","1000.713","997.989","1000.217","1002.612","1000.116","999.266","1000.344","999.93"
"998.984","994.104","1004.912","999.563","1000.062","1001.218","1001.431","1001.709","1000.712","999.131","996.876","996.472"
"998.361","1006.109","1003.301","1005.987","1006.662","1002.605","999.756","999.504","1000.514","1000.695","1001.746","999.775"
"999.15","994.649","999.529","999.112","1006.549","1001.789","1001.077","996.117","997.911","999.793","998.466","995.016"
"999.817","1001.614","996.922","1001.0","1002.89","995.683","996.547","1000.327","1004.573","990.596","1002.867","999.555"
"1001.892","995.475","1001.257","998.797","1000.59","1002.141","997.589","1002.717","1003.686","1000.586","1002.766","1002.975"
"1001.19","1001.216","998.906","998.702","1002.064","999.26","1001.45","1002.311","999.572","1008.323","1007.862","995.301"
"1003.002","1005.244","996.344","1003.564","996.32","996.352","997.815","998.281","1002.227","1000.986","1002.15","1001.745"
"998.663","1001.385","999.898","998.488","1000.024","998.776","995.088","999.493","997.25","1003.854","1005.438","1001.478"
"1006.791","1004.623","1001.566","996.019","1004.087","1005.718","997.632","1001.081","1001.089","1002.71","1001.165","997.377"
"1002.164","999.332","1000.343","1002.655","1000.203","999.142","1011.398","1008.564","998.936","996.981","1004.078","1001.143"
"994.518","995.886","1000.394","1000.383","999.615","1000.28","995.561","1000.585","1000.185","1001.5","997.382","1000.32"
"1002.276","1001.752","1002.53","1001.309","1001.704","999.263","995.862","994.297","994.551","999.875","1000.728","993.507"
"997.885","1001.679","996.199","998.417","1000.168","997.151","998.959","1002.353","999.928","1001.499","1001.762","1000.688"
"1001.413","999.331","998.594","1003.052","1001.63","1001.349","1008.277","994.774","1010.504","1000.351","1001.215","1001.851"
"1005.666","999.935","1000.932","997.543","997.456","998.312","997.148","1000.017","999.901","1001.195","1001.67","999.814"
"1000.129","1004.693","997.782","1001.131","1004.751","997.276","1004.753","994.507","999.403","998.186","1000.753","999.209"
"999.372","1003.419","1002.646","998.087","1003.303","997.066","1002.29","1003.128","997.987","1005.481","999.761","1001.119"
"996.185","1002.075","999.115","1000.492","1003.86","997.937","1001.813","998.586","997.369","1001.127","1003.702","996.703"
"999.777","1005.602","1000.223","1001.031","1005.637","997.989","1000.449","1000.774","1000.559","991.918","997.385","1001.656"
"994.419","1007.417","999.386","1001.126","999.571","1004.666","999.692","993.393","994.235","1002.283","997.59","1001.37"
"996.779","994.903","999.524","997.591","1002.49","1007.014","1000.399","1000.154","998.357","1006.628","998.022","996.769"
"998.874","1002.899","997.957","1000.716","996.097","1002.913","1004.281","993.881","1000.458","1003.044","997.144","998.266"
"1003.555","999.838","1003.855","996.384","1003.392","1003.031","993.174","997.293","996.073","998.819","999.549","997.978"
"998.312","1003.809","1001.788","999.185","996.224","1000.067","1002.469","1007.402","1000.202","1004.691","1002.501","1000.358"
"0.0","0.0","0.0","0.0","0.0","0.0","0.0","0.0","0.0","0.0","0.0","0.0"
"1003.789","1000.278","1001.987","996.58","1001.61","1002.991","998.309","1003.757","995.702","1005.302","998.421","999.66"
"1001.465","996.871","996.064","994.482","1002.971","998.239","999.189","996.618","1000.173","1004.893","995.631","998.247"
"1000.618","1001.4","1001.534","998.46","998.021","1000.883","1002.547","997.442","996.141","997.148","998.527","1004.098"
"1003.582","1001.007","998.275","1003.456","1005.096","1002.106","997.913","999.586","994.013","1006.267","1006.046","1006.577"
"996.868","1000.763","1000.696","997.551","1001.466","1005.794","995.579","998.732","1002.144","1000.252","997.67","998.138"
"1005.569","995.248","999.093","1000.183","997.885","999.942","1002.509","995.793","996.235","997.125","1003.307","998.599"
"1006.093","998.464","999.845","1004.109","996.846","996.881","1005.963","999.902","1000.477","994.92","995.792","999.759"
"1000.725","1003.038","1004.973","998.404","999.383","998.442","1000.416","1001.739","994.91","999.42","999.791","999.091"
"1002.421","996.459","1002.2","1001.081","998.536","997.213","1001.24","1003.747","999.935","996.621","999.75","998.532"
"996.288","1000.214","1001.139","999.631","1002.781","1003.728","1002.538","995.821","993.488","998.102","996.024","998.305"
"993.014","1005.059","1007.05","996.699","1004.9","1000.462","996.721","1002.675","999.893","1000.528","1000.614","998.264"
"994.788","1002.498","997.919","998.698","998.691","995.813","1002.839","999.843","994.962","1001.627","999.118","999.885"
"1001.596","999.041","998.127","996.747","996.081","999.458","999.889","1004.947","998.836","998.598","997.435","996.527"
"1005.688","999.636","1004.601","1001.69","1000.244","1005.484","998.047","998.954","1002.538","998.332","997.096","1001.26"
"999.983","998.121","994.741","1004.131","1001.791","999.683","1002.517","993.175","997.075","997.849","1003.206","996.695"
"998.884","998.204","997.034","1004.794","1001.936","994.483","998.482","997.027","1004.751","1000.474","994.769","997.81"
"999.075","1001.228","1000.171","998.777","1001.077","997.333","1001.112","1006.423","1001.009","1002.682","1001.329","997.894"
"997.462","999.877","998.149","998.877","1005.54","1002.161","999.38","995.725","998.966","1004.117","1000.437","999.882"
"998.802","1001.75","1008.615","997.495","999.666","997.84","1001.554","1001.815","1007.526","1002.029","998.906","999.158"
"1000.131","1003.306","1001.251","998.489","998.455","1000.158","1004.499","997.443","997.36","1001.636","999.531","1000.982"
"997.161","1001.94","997.968","1001.169","1001.598","1005.064","999.853","1000.365","997.663","998.836","1000.157","998.505"
"0.0","0.0","0.0","0.0","0.0","0.0","0.0","0.0","0.0","0.0","0.0","0.0"
"1000.323","1001.88","1003.113","1000.095","998.817","1002.16","999.472","1000.846","995.432","1004.019","996.271","1001.562"
"996.7","997.069","998.302","1005.451","1000.8","997.654","1001.647","1003.238","1003.844","991.262","998.722","1000.219"
"1000.613","1001.469","995.224","1001.495","1002.363","1000.361","1000.243","1000.122","995.11","998.398","996.825","993.565"
"1001.389","996.898","997.233","997.265","998.03","992.563","1005.626","998.626","1002.221","1002.787","1002.339","997.182"
"1000.13","995.804","997.773","999.489","999.668","997.101","1005.097","1000.378","999.686","1002.354","994.148","1003.88"
"1001.075","996.365","1001.939","1006.487","999.042","999.228","998.428","1002.815","1002.549","1001.206","1002.076","997.351"
"998.916","999.394","997.401","999.197","998.121","998.935","997.424","1000.222","998.832","1003.707","1001.215","1001.27"
"997.741","1001.136","1001.065","1003.523","1001.473","1001.294","997.524","1007.114","999.972","997.74","996.105","1000.055"
"1002.843","1004.645","1001.57","996.37","996.022","1001.015","995.521","998.41","1003.534","999.522","995.504","1005.764"
"1003.175","1002.823","1001.468","1004.833","999.034","998.068","1001.279","1005.194","997.829","994.519","997.373","1004.006"
"1002.01","1000.442","1004.902","1000.127","995.422","997.996","998.432","1001.233","996.906","1001.351","1001.425","1002.755"
"1005.018","999.053","1001.233","1000.573","1001.14","1001.635","1002.079","994.883","997.61","997.878","1000.678","1000.396"
"999.257","1004.816","998.775","1002.85","1000.126","997.078","1003.114","1000.225","998.944","996.981","1002.385","1000.17"
"995.013","1000.144","999.399","997.385","1002.342","997.062","995.307","1003.197","1002.76","997.818","1004.821","1001.282"
"998.335","1000.165","1000.37","997.846","1004.295","996.925","999.325","1001.004","999.692","998.559","1000.076","997.667"
"1002.152","1007.075","999.721","1004.935","999.065","1002.613","1001.138","1000.149","998.874","995.945","1000.65","1005.697"
"999.082","999.116","1000.989","1005.074","999.945","997.578","999.979","997.588","1000.998","995.607","998.809","990.332"
"1000.319","994.887","1001.353","996.042","999.829","1003.508","997.627","1000.407","996.589","997.062","1002.895","995.726"
"999.421","1003.473","995.435","995.876","1002.676","1000.259","1001.215","1001.339","995.274","1000.801","999.053","999.084"
"995.404","1006.853","1001.994","1001.308","996.418","996.738","1003.188","999.268","998.645","990.754","994.678","996.692"
"988.591","1001.109","1001.092","1000.636","1001.614","1001.145","997.763","1003.694","1002.953","998.36","1001.153","996.946"
"998.911","1000.532","997.09","1003.114","998.646","1001.699","995.977","999.646","1000.129","1001.452","1000.038","998.871"
"997.798","1002.77","1003.555","995.616","999.556","999.658","1002.39","994.323","1008.69","1004.461","994.622","999.356"
"995.043","1003.672","1003.156","998.812","996.343","1001.356","998.998","997.211","998.327","993.079","996.9","1002.087"
"995.805","1002.976","1000.29","1005.524","995.795","998.34","997.306","1000.808","998.509","1003.918","998.13","999.067"
"998.509","1001.102","996.634","993.935","997.259","1003.326","1003.995","1004.654","1003.526","1002.139","1002.686","997.599"
"1000.746","1000.059","1002.634","999.843","997.762","997.954","1003.293","999.907","996.593","1001.918","1001.308","993.251"
"1003.697","1000.031","999.573","999.637","1002.69","998.887","998.543","999.172","1001.746","1001.605","994.775","1001.394"
"0.0","0.0","0.0","0.0","0.0","0.0","0.0","0.0","0.0","0.0","0.0","0.0"
"1001.106","998.727","994.785","999.808","996.396","1003.968","995.568","997.165","996.471","1001.197","997.976","992.84"
"1001.829","993.967","997.132","1002.542","1003.957","999.756","998.508","998.233","1004.686","996.046","999.847","998.596"
"998.803","995.909","1002.801","1001.98","1000.033","998.642","992.671","998.389","1005.711","1000.889","1000.969","998.529"
"1002.828","993.658","998.292","998.894","998.857","997.118","1005.298","1002.728","1000.629","999.867","1001.198","998.368"
"1001.175","1003.873","998.451","999.074","995.013","1008.224","996.716","994.565","1002.052","1000.464","993.256","1001.774"
"999.305","1000.686","996.222","1002.935","1001.528","998.618","1007.911","999.47","1002.981","1002.78","998.684","1003.682"
"998.311","997.968","1000.41","998.492","1006.458","1001.53","996.003","999.143","1000.983","998.459","999.701","996.955"
"0.0","0.0","0.0","0.0","0.0","0.0","0.0","0.0","0.0","0.0","0.0","0.0"
"1002.444","997.569","1004.026","1001.62","1003.753","997.068","1001.314","998.489","1000.208","1000.16","1000.777","998.27"
"1001.334","1005.185","994.163","998.579","1002.627","1001.254","999.007","1000.501","999.291","997.656","1002.838","998.227"
"997.781","1002.539","998.615","997.658","996.061","999.66","1006.266","1002.524","1000.683","999.808","1002.651","1005.014"
"1001.727","999.43","1000.46","998.247","1002.265","1003.018","999.416","1002.398","998.426","1008.483","1000.959","999.395"
"998.452","998.36","1000.272","1001.972","1007.124","1002.478","995.413","1002.384","1004.377","993.894","998.437","994.106"
"993.877","998.277","1005.187","1001.731","999.022","999.341","996.978","1001.196","996.405","999.439","1003.575","1001.708"
"1001.925","1001.241","995.041","1001.588","999.765","1003.901","1000.298","1002.338","999.054","1005.981","997.765","993.102"
"0.0","0.0","0.0","0.0","0.0","0.0","0.0","0.0","0.0","0.0","0.0","0.0"
"996.574","1000.522","1002.74","997.856","1001.428","1002.323","1005.493","1007.864","997.062","1006.029","999.064","999.801"
"997.423","995.751","1004.287","998.602","1000.579","1003.337","1002.605","1003.259","997.223","1004.364","998.24","996.212"
"995.143","1005.657","1000.877","998.584","997.584","1002.079","1001.318","996.549","1000.15","1003.068","996.999","997.176"
"994.952","996.543","999.226","997.612","994.438","997.627","1001.888","1004.674","996.586","994.271","1004.356","1001.199"
"1002.952","996.613","1005.73","998.42","1001.308","1001.013","998.997","998.961","995.41","999.698","1000.501","996.449"
"1002.215","1005.892","1003.347","1000.088","999.269","997.25","1000.045","1003.835","997.252","997.134","1000.825","995.504"
"1003.067","1002.165","1006.614","1002.268","999.965","1001.845","1004.043","994.953","999.747","1000.702","999.423","998.229"
"1001.556","999.037","1005.147","996.958","995.835","998.68","1001.571","998.802","991.881","996.006","995.391","997.273"
"1005.659","998.185","998.183","997.333","1000.57","1001.895","1001.697","1002.103","998.298","1001.543","1003.28","1001.131"
"1001.388","1002.958","999.877","1000.634","998.499","1000.129","1003.585","1000.117","1002.142","1008.014","998.734","994.156"
"999.79","1003.297","999.331","1002.438","1001.95","1002.32","1003.144","1002.754","1003.846","1000.429","1000.958","998.171"
"1001.048","1005.678","1000.496","1002.408","1005.765","999.825","995.69","994.024","995.738","1002.736","1002.352","1003.5"
"999.519","999.732","1005.15","1001.378","1003.469","1004.761","1000.181","1002.47","1009.898","1001.991","999.435","994.192"
"1002.141","996.269","998.229","1001.102","996.439","993.689","996.225","1001.134","1001.534","1000.378","1000.217","999.501"
"1004.102","1005.396","999.969","1002.712","1005.584","1000.856","1000.259","994.28","998.788","1000.378","1003.267","1001.418"
"1007.92","1000.319","1001.442","994.336","1001.017","1004.162","999.804","996.4","999.092","1002.736","1003.925","1001.832"
"1001.468","991.3","999.086","999.648","997.95","1002.28","1010.732","999.221","999.702","996.946","1003.671","1002.205"
"1002.441","1005.093","1006.064","1001.268","1005.547","1006.229","998.822","998.1","1008.004","1003.649","998.6","999.803"
"999.29","1002.036","1006.932","999.029","1000.267","1000.23","999.851","1000.523","999.257","997.783","1003.744","999.813"
"1002.204","1000.554","992.697","996.965","1000.638","999.915","1004.769","1000.555","1001.531","998.914","996.735","1002.309"
"1003.884","1000.086","997.801","996.491","997.973","999.713","999.608","1003.864","1002.393","1006.441","996.462","1000.202"
"1004.171","1003.133","996.34","1000.399","998.249","1001.117","1005.113","998.235","998.363","994.17","1004.974","1000.385"
"997.82","1001.9","998.568","998.417","999.72","1004.899","997.794","1002.739","997.626","1000.114","997.844","996.713"
"1000.295","998.341","1005.654","1000.931","1000.842","999.13","1001.921","1000.269","998.673","1005.157","1003.124","998.741"
"1000.99","999.305","996.896","997.203","1004.148","1004.497","1002.606","998.219","1003.231","1000.729","1003.506","1000.359"
"998.236","1000.774","1001.327","1001.48","992.661","997.148","996.35","997.151","999.384","996.525","1004.478","997.968"
"996.705","1005.43","1001.923","1004.643","997.716","1001.273","995.728","997.36","996.729","1000.589","1001.927","996.905"
"998.654","1006.145","1001.7","997.93","995.364","1001.405","1003.045","1005.591","998.622","998.72","1004.499","1003.665"
"1000.774","997.067","1000.25","997.691","999.218","1007.316","999.704","1004.991","1003.764","995.98","995.153","999.397"
"1001.989","998.304","998.402","1000.697","998.065","1000.012","1003.735","1001.012","1001.026","1006.903","998.676","997.64"
"1005.457","1003.436","1003.304","1002.078","999.876","1003.772","1000.892","993.297","998.946","995.962","1001.338","1000.339"
"995.605","1002.398","1002.077","1000.22","1000.211","998.996","997.868","999.423","1004.451","999.874","1002.639","998.309"
"1000.078","995.985","992.799","1000.067","998.372","994.808","998.678","996.551","996.535","996.569","997.211","1001.961"
"1001.202","1001.526","1007.407","998.546","996.145","999.996","998.884","1000.855","1005.703","1000.929","1005.141","1003.815"
"0.0","0.0","0.0","0.0","0.0","0.0","0.0","0.0","0.0","0.0","0.0","0.0"
"1007.203","1005.349","1000.944","1000.161","1000.442","996.619","998.84","998.611","997.19","1002.081","995.676","1004.093"
"997.03","998.229","996.544","1000.49","1001.834","998.18","1003.548","997.7","1006.912","997.8","998.467","1000.171"
"1002.683","1000.421","998.139","999.159","996.217","1001.878","1003.49","1000.331","994.697","1002.78","1000.647","998.982"
"999.917","997.161","1000.977","995.492","999.755","1004.326","1000.633","1006.737","999.703","998.752","1000.954","1004.6"
"998.926","998.544","995.752","1000.494","1000.395","998.069","1001.407","995.433","994.4","1005.068","997.687","1004.063"
"1000.805","994.349","994.815","1004.023","1003.098","998.05","1001.964","1001.699","998.793","1001.261","1004.606","1002.176"
"1004.913","1002.754","997.918","1000.339","1002.565","992.95","1000.343","998.483","1003.031","1000.019","998.699","1007.61"
"1000.762","1008.557","1002.706","998.243","999.971","997.457","1001.915","1003.291","998.867","1000.282","997.03","997.784"
"1003.813","997.054","1002.561","1001.054","1002.269","1000.425","1000.606","999.431","998.392","997.528","1002.887","997.866"
"997.442","998.256","1001.285","1007.082","996.139","1001.896","998.693","998.93","1000.497","998.75","998.419","1000.535"
"1000.826","1001.614","1006.655","996.521","998.52","1001.514","994.719","1005.283","998.187","998.988","1000.487","997.538"
"0.0","0.0","0.0","0.0","0.0","0.0","0.0","0.0","0.0","0.0","0.0","0.0"
"999.454","998.805","1000.638","996.135","1000.665","1000.119","1001.547","999.436","1000.339","1000.002","997.634","1001.735"
"995.797","999.912","994.217","993.955","1000.153","999.104","993.561","1001.125","997.781","995.886","999.874","1002.122"
"1002.838","1003.97","1000.601","998.173","999.176","995.671","997.641","995.122","996.219","997.741","1001.38","995.46"
"1003.218","998.543","1003.5","1004.032","997.391","1000.125","1003.322","1001.982","999.537","999.864","1002.278","994.977"
"994.633","1004.163","1001.183","1005.264","991.243","995.312","998.93","1001.402","999.637","994.72","1003.836","1004.392"
"999.603","1003.415","998.806","1000.323","1001.13","1003.794","1004.768","998.872","997.359","1001.792","996.139","998.038"
"998.947","999.375","995.58","1002.456","996.648","1001.092","1002.103","994.536","997.097","1004.119","996.049","997.756"
"998.692","1000.447","1004.162","995.785","1001.524","1004.064","997.824","1002.35","1001.19","998.979","998.361","1003.088"
"995.556","1004.81","1001.557","1000.97","1000.53","1003.429","1001.81","998.518","1002.854","997.428","994.805","999.447"
"997.918","1009.392","1000.858","1000.156","1001.068","1006.76","993.361","998.761","997.533","996.291","1004.448","1006.377"
"1005.245","999.322","996.109","1003.554","1003.995","996.419","1000.682","998.068","1002.598","1002.777","990.542","995.494"
"1005.069","999.132","1000.382","998.563","996.898","997.313","998.585","1003.652","999.693","999.156","997.276","995.97"
"1003.338","1001.779","997.371","998.941","992.846","995.828","999.688","1003.522","998.638","996.977","1002.474","997.752"
"995.888","1004.416","997.711","999.2","991.421","999.681","995.172","1001.965","1005.854","997.886","1001.92","1000.622"
"1001.621","999.135","1004.036","999.018","998.714","1003.543","994.733","1001.325","1005.706","1000.291","989.867","999.618"
"1005.128","996.098","996.217","993.388","1000.923","1000.28","997.719","995.671","1003.85","1002.324","999.233","997.674"
"999.598","998.391","1005.897","1000.68","1001.093","999.36","1004.729","997.466","1001.606","995.985","998.833","999.266"
"1001.473","1000.203","1002.505","1001.926","1002.342","996.41","999.654","1004.789","1001.012","999.37","999.833","997.422"
"1007.889","1004.81","995.956","998.105","994.954","999.66","997.501","1002.239","1002.313","1004.904","997.314","1002.358"
"1005.547","997.049","1001.953","997.12","999.592","1000.612","1005.694","1000.666","1001.292","1003.327","999.585","998.865"
"1001.616","1000.1","1000.827","1001.498","1000.156","1002.027","1003.41","999.708","998.267","998.207","997.906","997.765"
"995.94","998.581","1004.075","1004.566","996.328","996.74","1002.827","996.714","995.3","1000.47","997.082","1000.963"
"1000.09","1001.832","997.556","999.375","999.194","996.265","998.733","999.742","1001.394","997.335","996.514","1002.903"
"1005.016","997.109","1000.243","998.616","991.011","1000.047","1000.742","1006.801","1000.604","1008.227","998.201","997.558"
"1001.546","994.135","994.577","998.736","998.653","1000.558","1000.694","997.382","1002.976","996.602","1001.438","997.529"
"996.803","1004.931","999.04","1005.559","999.843","1002.428","999.577","996.816","1002.297","1002.939","999.313","1000.843"
"994.227","997.692","1002.213","998.868","998.085","997.514","997.567","997.728","998.9","994.982","995.2","996.334"
"1003.087","1000.512","1000.677","998.421","1004.802","994.815","1001.655","999.442","1005.182","998.982","997.101","1003.45"
"999.947","1006.073","999.483","1002.741","1000.172","996.589","998.944","997.669","999.211","1001.943","999.48","1001.338"
"0.0","0.0","0.0","0.0","0.0","0.0","0.0","0.0","0.0","0.0","0.0","0.0"
"999.481","1010.895","1000.07","1003.228","996.243","996.4","1004.246","998.769","997.855","1001.434","1001.555","997.988"
"999.332","1004.025","996.977","995.73","1004.181","997.328","998.641","999.811","998.249","1001.203","1001.758","999.548"
"996.985","995.666","996.045","1004.18","997.691","1001.836","995.582","1001.857","995.843","996.717","1001.148","998.466"
"1000.286","1003.403","1003.84","998.302","1001.296","998.542","1002.57","1002.875","1005.699","1000.922","998.129","1001.74"
"999.561","1001.352","998.839","996.171","998.231","997.898","999.157","1005.339","1000.156","998.456","1004.479","995.911"
"1000.144","997.262","999.055","999.351","995.739","1002.559","1001.559","1000.342","1000.009","998.748","1001.593","1003.483"
"1004.355","998.472","995.603","994.646","998.502","1000.167","1000.772","1006.484","999.41","1001.357","1002.507","997.516"
"0.0","0.0","0.0","0.0","0.0","0.0","0.0","0.0","0.0","0.0","0.0","0.0"
"1002.139","999.74","1000.966","999.157","999.706","997.352","999.159","998.061","999.292","997.492","999.05","1001.637"
"1006.14","1000.346","999.143","1004.518","1004.942","1000.298","1002.697","998.742","1001.102","996.815","1001.633","1002.185"
"995.447","998.626","1001.731","995.301","994.964","998.905","997.512","1006.303","994.789","998.575","997.453","998.55"
"1001.496","1006.826","996.989","1002.715","994.83","1002.737","996.448","996.854","1002.16","998.98","994.774","1003.502"
"1000.571","1006.442","1004.047","1001.031","1000.347","1004.652","1002.096","1005.277","1001.579","1002.928","1003.463","995.995"
"0.0","0.0","0.0","0.0","0.0","0.0","0.0","0.0","0.0","0.0","0.0","0.0"
"999.081","996.816","994.755","997.259","1000.949","1002.874","993.953","996.206","1000.949","992.273","1001.474","997.732"
"1002.153","994.745","998.772","1000.244","1002.918","1010.109","1004.117","995.987","1002.588","1000.864","999.265","999.321"
"1001.066","1001.688","999.334","1003.773","1004.59","999.039","996.512","994.252","998.82","996.608","1002.701","1001.809"
"1002.79","1004.662","1004.276","999.664","1005.785","1001.202","1001.473","997.223","993.765","996.7","1002.815","1002.304"
"995.647","998.381","1003.094","994.374","1001.528","999.753","994.488","1002.857","997.282","999.175","999.722","998.918"
"1001.665","1000.726","1002.671","1004.852","1003.058","999.261","1002.095","995.946","994.904","1001.222","1002.347","997.0"
"998.546","1003.129","1000.472","1003.434","994.178","1006.1","1000.437","1000.691","999.897","997.821","994.166","1000.444"
"1006.003","995.16","995.931","1001.071","997.496","999.347","998.541","1005.545","1000.302","1004.587","997.966","998.937"
"999.444","998.931","1003.084","999.831","1002.164","1002.79","999.645","997.823","996.862","997.112","999.619","1003.313"
"997.558","1004.046","998.749","993.289","1005.332","996.922","1000.148","1001.018","997.693","1005.931","999.131","1002.428"
"1004.06","993.2","1000.344","1002.974","999.798","1001.111","994.291","997.626","996.152","994.749","995.525","999.465"
"1002.001","997.422","1001.15","999.035","1004.391","998.555","998.45","1000.909","1002.402","999.97","998.03","993.331"
"999.848","1003.644","999.628","998.825","999.876","998.029","995.384","998.582","994.204","1002.479","998.577","1001.01"
"997.013","992.294","998.356","1002.764","995.598","999.633","1003.962","998.387","997.812","996.562","1003.178","1001.264"
"997.468","1004.491","999.104","998.237","1001.244","1001.659","997.565","999.741","999.287","1001.759","1000.092","1001.655"
"1002.286","1005.229","1002.649","1002.781","1000.333","1002.299","1002.062","1002.752","998.98","997.667","998.482","1002.273"
"1001.921","1002.622","998.163","999.415","1000.625","998.569","1000.993","992.956","1003.005","996.35","1000.117","997.626"
"1002.88","1000.456","996.306","1002.204","1002.412","996.373","996.718","998.799","997.601","1001.695","991.586","999.142"
"1002.811","996.208","1001.449","997.743","996.977","995.996","999.858","1000.987","997.613","1000.892","1001.385","998.999"
"1006.102","1001.675","1004.644","1002.237","996.665","1003.232","1005.013","1001.053","1000.681","1002.301","999.305","1000.014"
"996.351","1004.699","999.391","1004.301","999.726","1001.519","998.619","1001.274","1000.686","999.222","996.785","997.132"
"1001.004","995.822","996.781","1003.155","996.435","1006.206","994.066","1001.343","1000.926","996.501","999.78","1000.807"
"1004.319","997.919","1002.919","999.082","1003.523","1002.629","1002.575","1001.616","994.796","998.716","1001.317","998.41"
"995.292","998.039","1005.937","998.048","997.419","997.659","996.842","996.724","998.123","1000.242","1001.023","1002.119"
"1000.619","995.896","1005.213","996.56","1002.199","1002.699","1001.505","999.211","999.817","1000.078","997.807","1000.131"
"1003.282","1004.821","998.462","1005.318","1002.916","1000.297","1002.459","997.298","1004.959","999.925","1007.186","999.855"
"1000.597","999.063","1002.871","996.21","995.88","1000.291","1002.22","997.386","998.278","996.556","1005.449","996.336"
"1001.341","998.831","1000.93","1004.252","998.438","993.726","1001.934","998.848","1003.981","1004.465","999.999","1001.147"
"994.859","1001.672","995.999","999.496","1002.223","1006.752","1001.246","998.011","1000.065","999.871","1002.535","1000.065"
"1001.342","1002.274","998.043","1004.146","999.684","999.929","998.045","997.26","997.808","996.129","1005.258","1003.644"
"0.0","0.0","0.0","0.0","0.0","0.0","0.0","0.0","0.0","0.0","0.0","0.0"
"994.878","1004.824","997.239","999.838","999.652","1002.984","997.43","1000.027","1004.114","1002.572","1003.527","999.612"
